Point,Slope,Intercept
334,114.42456549108786,6.405297077765698
336,167.4928592665756,8.984363112634563
147,289.5268426614911,-3.5466028049194906
154,117.14937832713134,-0.15633682018806158
149,202.1582181549844,-4.005182707494138
152,117.52980094592986,-0.47569764475219667
151,135.31429855801406,-2.0426912027393924
153,112.89677558892646,0.15701042835798998
148,252.0277722448791,-4.777352809462175
150,162.48851566925626,-2.265673646083679
